[
	{
		"title" : "MongoDB Basics",
		"description" : "MongoDB is a NoSQL database",
		"WrittenBy" : "Mehdi",
		"Tags" : [
			"MongoDB",
			"NoSQL"
		],
		"Likes" : 100
	},
	{
		"title" : "NoSQL Essentials",
		"description" : "What is NoSQL",
		"WrittenBy" : "Janice",
		"Tags" : [
			"Database",
			"NoSQL"
		],
		"Likes" : 49
	},
	{
		"title" : "Hello World!",
		"description" : "An introduction to Programming",
		"WrittenBy" : "Akmal",
		"Tags" : [
			"Algorithms",
			"Programming"
		],
		"Likes" : 89
		},
	{
		"title" : "Neo4J Basics",
		"description" : "Neo4J is a NoSQL database",
		"WrittenBy" : "Mehdi",
		"Tags" : [
			"Neo4J",
			"NoSQL"
		],
		"Likes" : 200
	},
	{
		"title" : "SQL Essentials",
		"description" : "What is SQL",
		"WrittenBy" : "Mehdi",
		"Tags" : [
			"Database",
			"SQL"
		],
		"Likes" : 149
	},
	{
		"title" : "Python",
		"description" : "An introduction to Python",
		"WrittenBy" : "Jan",
		"Tags" : [
			"Python",
			"Programming"
		],
		"Likes" : 39
	}	
]
