{
    "Customer": {
      "Customer Information": {
        "ID": "123",
        "Name": "Amanda",
        "Email": "amanda@gmail.com",
        "phone": "010-1112 2222",
        "Shipping Address": {
          "Street": "112, Jalan ABN,",
          "City": "Kuala Lumpur",
          "State": "Kuala Lumpur",
          "Zip": "59200",
          "Country": "Malaysia"
        }
      },
      "Order": {
        "Order Number": {
          "Item Number": "X1234567",
          "Quantity": "1",
          "Unit Price": "12.00",
          "Shiping Fee": "8.00",
          "Total Amount": "20.00"
        },
        "Order Date": "2018-01-23 21:22:11",
        "Tracking Number": "4003454341",
        "Courier": "Black Cat",
        "Order Amount": "20.00"
      },
      "Payment": {
        "Payment Type": "Debit Card",
        "bank": "ABC Bank",
        "Account Number": "1234512345"
      }
    }
  }